Full Name,Phone Number,Email,Job Title,City
Madison Webster,39361571024,ljohnson@example.org,"Education officer, museum",Pamelashire
Jeffrey Lawrence,65178348815,kwallace@example.com,"Producer, television/film/video",Josephland
Warren Johnston,50685778966,jason26@example.com,"Administrator, education",Port Shane
Christopher Wells,78406123453,christinanichols@example.com,Hotel manager,New Pamelabury
Lisa Edwards,8484295811,pgraham@example.com,Printmaker,New Dawnstad
Devin Perez,4696996978,brian91@example.org,"Engineer, petroleum",Colonmouth
Sheri Herman,91220008838,danielrasmussen@example.com,Physiological scientist,Adamland
Douglas Hill,05631008074,kyle04@example.org,Web designer,East Tiffanyfurt
Daniel Patton,22739582550,michael06@example.com,Field seismologist,South Andrewfurt
James Lloyd,58531105012,bparks@example.org,Video editor,Erinberg
