Full Name,Phone Number,Email Address,Job Title,City
Miss Geraldine Price,41514960965,guy95@example.net,Environmental manager,Lake Chloe
Chelsea Gilbert,48081570769,nnorris@example.org,Diagnostic radiographer,Loweton
Dr Megan Norris,10292018329,duncan31@example.org,Speech and language therapist,Connollyborough
Mr Max Hayward,10289018702,james26@example.net,Nature conservation officer,South Dianehaven
Robert Robinson,03069990221,qholden@example.com,Early years teacher,Lake Maxburgh
Tina Roberts,09098790772,mollywillis@example.org,Water quality scientist,Jacobland
Josephine Smith,01184960389,donald23@example.com,Diagnostic radiographer,New Julieside
Vincent Stewart,49098790724,paigerichardson@example.com,Actuary,South Dennis
Hannah Turner-Cooper,01134960935,judithbrooks@example.net,"Social research officer, government",Gailburgh
Julian Jones,41154960269,stephensricky@example.org,"Surveyor, insurance",Jasonland
Ms Karen Sullivan,43069990631,ugrant@example.org,"Therapist, speech and language",Frederickmouth
Charles Singh-Norris,01414960613,nicholas11@example.net,Civil Service administrator,Port Nathan
Brandon Hill,08081570772,charlotte09@example.net,Building control surveyor,East Robertville
Dr Raymond White,41214960133,vrobinson@example.org,Sales executive,West Hannahmouth
Nicole Miller,44292018658,matthewsmargaret@example.com,"Programmer, applications",Daviestown
Mr Mohamed Ellis,01214960825,colinphillips@example.com,"Teacher, music",South Rosie
Miss Rachel Cooper,01154960284,tobystokes@example.net,"Optician, dispensing",Hallchester
Karen Martin,01614960110,ebooth@example.com,Furniture conservator/restorer,New Clive
Lawrence Coles-Adams,01154960464,hannahscott@example.com,Quantity surveyor,Sylviaberg
Eleanor Wilson,09098790868,nswift@example.com,Health physicist,Jonesview
Mrs Joanna Page,41154960295,eflynn@example.net,Sport and exercise psychologist,East Howard
Lee Garner,01632960763,batesdeclan@example.com,Immigration officer,East Duncan
Jessica Wilson,01214960973,annataylor@example.net,Osteopath,New Williamhaven
Gary Taylor-Patterson,01184960513,marilyn51@example.org,Warehouse manager,Boothmouth
Dr Hugh Watts,41614960104,max73@example.net,Land/geomatics surveyor,Raymondburgh
Justin Hill,41144960268,christianjones@example.com,"Engineer, chemical",West Steven
Dr Henry Smith,01614960667,webbjason@example.com,"Therapist, sports",East Glenn
Pauline Edwards,41414960417,benjaminharrison@example.org,"Teacher, primary school",Brandonport
Lorraine Parker,41414960983,kturner@example.net,Stage manager,New Shaun
Jeffrey Clarke,40289018525,wayne77@example.org,Analytical chemist,Smithmouth
Jade Bishop,01154960068,jonespaula@example.com,Purchasing manager,Dylanville
Leah Rogers,40292018768,wcarey@example.net,"Engineer, site",North Paula
Beth Butler,01414960884,dannyblake@example.net,Private music teacher,Hopkinsburgh
Garry Scott,01914960223,jcox@example.net,Clinical research associate,Dunnport
Mr Nigel Miller,01614960626,alexanderarnold@example.com,"Psychologist, sport and exercise",Porterbury
Elliot Phillips,41174960817,shannonmccarthy@example.com,Records manager,Port Carly
Ross Green,01914960433,dbell@example.net,Careers information officer,New Christine
Grace Webster,01914960671,natasha67@example.com,Energy engineer,Port Janetfort
Ms Carolyn Clark,01514960934,carolyn63@example.net,"Psychotherapist, child",Vincentfurt
Joanne Williams,01134960715,holliemckenzie@example.com,Occupational hygienist,West Annaborough
Colin Hunt,01632960240,brett19@example.com,Soil scientist,Jadeside
Jeffrey Quinn,03069990263,melaniecoates@example.net,"Pilot, airline",Dylanshire
Kelly Parker,40292018017,scottnorman@example.org,"Teacher, early years/pre",South Martinstad
Francesca Payne,02074960746,christinemarshall@example.com,Manufacturing systems engineer,South Samland
Brian White,41144960803,kathleen33@example.com,Oceanographer,East Louischester
Dr Martin Manning,01632960317,patrick29@example.net,Pathologist,Port Hollie
Leonard Clarke-Robinson,41514960520,david80@example.org,Early years teacher,Lake Nigel
Dr Patrick Owen,48081570318,smithcharlie@example.com,"Conservation officer, nature",West David
Robin Taylor-Kelly,01632960470,olane@example.net,Musician,Port Hollyfort
Miss Hollie Schofield,02079460446,garnerrobert@example.com,Water engineer,Woodsmouth
Dr Glen Barnes,01214960492,wharris@example.org,Sports coach,New Elaine
Alexander Webster,02074960886,allan82@example.net,Herbalist,West Terrybury
Georgina Williams,01514960524,lorraine22@example.org,"Accountant, chartered certified",Lake Sophie
Dr Lesley James,41184960405,harriet47@example.org,"Horticulturist, amenity",Pearsonborough
Debra Warren,01614960439,dcooper@example.com,"Scientist, marine",Samberg
Fiona Morris,08081570393,amandasmith@example.net,"Administrator, local government",Charlieton
Mrs Teresa John,01914960446,charles30@example.com,Sports development officer,Lawrenceborough
Julie Jones,41134960931,dhenderson@example.com,Bookseller,Alexandraside
Martin Ward,42074960010,leekieran@example.org,Sales executive,New Debra
Catherine Lucas,41514960319,paul47@example.org,"Nurse, learning disability",Lake Joannashire
Jodie Warren,41514960269,tinajones@example.com,Charity fundraiser,North Jennaview
Guy Parkes,01632960471,alexanderbailey@example.com,"Surveyor, insurance",Richardsonchester
Michelle Powell,01144960266,stephensonnicole@example.com,IT sales professional,Lake Geraldine
Beth West,01632960539,lewisrussell@example.net,Furniture designer,West Annette
Dr Helen Miller,44292018657,amygreenwood@example.net,General practice doctor,Norrismouth
Sian Taylor-Rowe,02890180511,patriciabegum@example.com,Sales executive,Archermouth
Joanna Hunt,48081570263,martyn97@example.net,Commissioning editor,Lake Martin
Mr Leonard Wallace,10292018928,twalters@example.net,"Buyer, retail",North Barbaramouth
Danny Kelly,40289018174,icampbell@example.net,"Engineer, civil (consulting)",New Leslie
Geraldine Skinner,01134960802,conor44@example.com,Medical sales representative,Lake Sophieland
Dr Andrew Brown,41134960140,sheila51@example.net,"Programmer, applications",Lake Joshualand
Hayley Henry,01164960441,mmarshall@example.net,Tree surgeon,Greenbury
Norman Clarke,01914960312,goughgeoffrey@example.org,Musician,East Francisstad
Kim Watson,01414960854,glenncox@example.org,Ranger/warden,Joelville
Melissa Patel,03069990211,kwilliams@example.net,Armed forces operational officer,Daniellebury
Georgia Evans,01134960679,rossvincent@example.org,IT sales professional,Burnsbury
Mohamed Burns,03069990538,trevorbruce@example.org,Museum/gallery curator,Port Francescabury
Jay Davies,41174960238,rgoodwin@example.org,"Programmer, applications",West Joanne
Stacey Hunt-Davis,02890180487,raymond06@example.com,Phytotherapist,Morgantown
Charlotte Thompson-Peters,01154960559,pflynn@example.net,Further education lecturer,West Allanshire
Mr Justin Foster,01184960390,hudsongeorge@example.com,Licensed conveyancer,New Jacob
Keith Burns,09098790647,sylviatucker@example.org,"Teacher, music",East Barbara
Jayne Martin,02074960990,qgibbons@example.net,Press photographer,Savagemouth
Ann Turner,41154960374,georgewalker@example.com,Intelligence analyst,South Rachael
Heather Palmer,01174960386,danielle27@example.net,Architectural technologist,East Alexanderberg
Neil Cox,02890180054,lloydjoanna@example.com,Database administrator,Longville
Dr Hugh Griffiths,02890180236,leigh80@example.com,Armed forces logistics/support/administrative officer,Pottstown
David Cooper-Foster,01414960335,darmstrong@example.net,Race relations officer,Thorpetown
Joanna Fisher,01414960448,umoore@example.net,Farm manager,Ritaberg
Helen Pratt,01134960143,smann@example.com,Adult nurse,Port Patricia
Kathryn Brady,41614960677,pamelabrown@example.com,Fast food restaurant manager,Irenestad
Lawrence Barker-Sinclair,01144960715,aimeesmith@example.org,Government social research officer,Smithview
Andrea Williams,01174960141,harry08@example.org,Archivist,Fryside
Andrea Knight,01144960200,cowens@example.com,IT trainer,New Holly
Ms Ruth Cross,01174960637,ewilliams@example.org,Electronics engineer,South Pamelaberg
Dr Jonathan Harrison,02920180484,christian31@example.net,Marine scientist,Baxterville
Mrs Lynne Taylor,09098790510,stewart54@example.net,Systems developer,Boothland
Abigail Foster,01632960824,sarahdavidson@example.net,Gaffer,Brandonstad
Dr Glen Smith,41184960239,jacksonfrancis@example.com,Animal nutritionist,Patelmouth
Christian Nixon,01144960989,mcox@example.com,Air traffic controller,North Laurenburgh
Gareth Collier,01414960939,kimyoung@example.org,Commercial/residential surveyor,Dickinsonland
Owen Hudson-Palmer,02920180052,owen22@example.org,"Therapist, art",Lake Mohammad
Joan Price,01314960412,frank91@example.org,"Journalist, broadcasting",Greenton
Joseph Gallagher,01154960712,adrian33@example.net,"Embryologist, clinical",Lake Anthony
Danny Lambert,41514960422,philipthornton@example.org,Tax inspector,North Katy
Mr Darren Savage,41914960419,wendyakhtar@example.net,Advice worker,South Dianefort
Dr Conor Francis,01632960673,stewartbrenda@example.org,"Scientist, research (life sciences)",Kennedyborough
Eric Hill,44289018570,pricemolly@example.net,Museum/gallery exhibitions officer,Millerport
Sheila Shah,01174960948,iowen@example.com,Art gallery manager,West Melissaton
Conor Perry,01632960171,gemmaali@example.com,Restaurant manager,Lydiaport
Miss Deborah Townsend,02074960439,icameron@example.net,Chief Executive Officer,Janiceborough
Melanie Mason,41632960543,kyle60@example.net,Geographical information systems officer,Joannahaven
Gerard Wilson,10289018421,matthewbrookes@example.com,Furniture designer,West Kevinland
Ms Katherine Frost,10292018685,gtaylor@example.net,Youth worker,Port Rossberg
Norman Watts,41214960255,melanie76@example.com,Advertising account executive,Simmonsland
Gareth Hope,01914960265,daleparker@example.org,"Conservation officer, historic buildings",Port Francesberg
Joanna Harris,41632960237,bwright@example.net,"Therapist, horticultural",Gregoryland
Elizabeth Cook,01314960677,greenmartyn@example.net,IT sales professional,Burkebury
Anne Thompson,02074960529,manningdawn@example.com,Bookseller,Leslieton
Justin Thomas,01174960234,blackrebecca@example.org,Public librarian,Curtisport
Trevor Moore,01632960212,tellis@example.org,Proofreader,Martynport
Mr Aaron Williamson,01214960024,zsimpson@example.org,Exercise physiologist,South Nicholas
Hayley Burgess,01632960868,baileypauline@example.org,Herpetologist,Adamsview
Molly Parker,01214960803,pyoung@example.com,"Librarian, public",Liamhaven
Dr Gary Smith,09098790442,naylorbryan@example.com,Chief Financial Officer,Brownmouth
Miss Rachel Smith,41144960527,jonesphilip@example.net,Tourist information centre manager,Nigelhaven
Tina Robinson,41154960030,mburrows@example.com,Risk analyst,Jonesfort
Carol Clayton-Lloyd,03069990815,clarkematthew@example.org,Health and safety inspector,Abigailshire
Benjamin Hill,01154960458,leeruth@example.com,Travel agency manager,Port Carltown
Mr Gerald King,42074960716,baldwinantony@example.net,Mudlogger,Lynnberg
Marilyn Jones-King,01214960795,zoeshaw@example.com,"Engineer, electrical",Aaronfort
Grace Banks,41134960014,georgia80@example.com,Armed forces training and education officer,Port Carolynton
Georgia Dobson-Phillips,44292018941,teresastephenson@example.com,"Engineer, materials",North Hilaryberg
Sheila Ellis-Bradshaw,40289018360,kathleenjones@example.org,Building services engineer,Bethberg
Glenn Roberts,01914960535,woodwardryan@example.net,Dietitian,Jonesbury
Josephine Cox,41164960150,adodd@example.net,"Engineer, aeronautical",Jademouth
Alexandra Harrison,02074960328,graham39@example.net,"Copywriter, advertising",Bevanfurt
Billy Haynes-Jones,01184960610,vjarvis@example.org,Licensed conveyancer,Owentown
Hayley Byrne,01314960688,rrogers@example.net,Operations geologist,North Jamiestad
Malcolm Roberts,41414960841,carlhall@example.org,Advertising copywriter,Leeview
Michelle Kennedy,01174960744,douglas85@example.net,Farm manager,Damianside
Dr Rebecca Mahmood,01154960369,jenkinskayleigh@example.net,Merchant navy officer,New Lawrencemouth
Mr Marc Graham,01154960221,jwilliams@example.com,Garment/textile technologist,Davieshaven
Mrs Katy Stone,01414960969,carterpamela@example.net,Chiropractor,West Charlieborough
Dr Gary Shaw,01314960021,collinsabbie@example.com,"Engineer, drilling",Port Gail
Dr Nathan Smith,01914960138,vincent88@example.net,Warehouse manager,Bartlettville
Ashley Holmes,42074960430,ijohnson@example.net,Industrial/product designer,Brownhaven
Josephine Collins,01144960854,jeanali@example.org,Audiological scientist,South Sharon
Rhys Short,43069990350,aporter@example.com,Forest/woodland manager,Lindabury
Dr Joe Rogers,08081570547,christine62@example.com,Risk analyst,Rossfort
Dr Leon Webster,01632960916,andrew33@example.com,Outdoor activities/education manager,Thomasmouth
Lewis Wade,01314960340,antonycarter@example.org,Colour technologist,North Dawntown
Christopher Bull,41914960610,macdonaldroger@example.org,Biomedical engineer,New Leigh
Mrs Amber Williams,01134960683,joyce59@example.org,Social worker,Kaurport
Mr Roy Elliott,01514960764,butcherlorraine@example.net,Learning mentor,South Jeffreyside
Mrs Nicola Edwards,01914980370,gwilson@example.com,Further education lecturer,Chelseaport
Kathryn Cooper-Abbott,01164960781,dixonkimberley@example.com,Ambulance person,Keithshire
Mr Elliott Gill,09098790050,bradleyhowell@example.org,Maintenance engineer,Russellside
Mr Andrew Fisher,08081570427,jasonmartin@example.org,Warehouse manager,Thorntontown
Anthony Austin-Evans,08081570796,alexander77@example.org,Animal technologist,North Rachelstad
Dr Katherine Thomson,09098790983,malcolm97@example.com,Glass blower/designer,West Gavin
Dr Gerard Cole,01414960308,esmith@example.com,"Designer, multimedia",Waltersmouth
Mrs Denise Thompson,01514960440,crawfordmarion@example.net,Geographical information systems officer,Ireneside
Toby Begum,01614960129,jclarke@example.net,Field seismologist,Wardside
Alex Roberts-Brooks,03069990376,christopher06@example.org,Hydrogeologist,New Leslieville
Kim Powell-Ali,01134960393,ymorgan@example.net,"Designer, textile",Evansberg
Miss Sarah Allen,42074960665,howardkirsty@example.net,Systems developer,Jenniferfurt
Mr Callum Riley,01154960296,uwalton@example.org,Public affairs consultant,South Christinemouth
Barry King-Cooper,01174960355,taylorcharles@example.org,"Programmer, multimedia",West Dylan
Mrs Harriet Brennan,10292018286,martinjanet@example.com,Barrister,Bartlettview
Mr Rhys Evans,01632960029,leesallan@example.org,Fine artist,Lake Christian
Kate Freeman,03069990615,tom76@example.com,Newspaper journalist,New Tina
Conor Murphy-Ahmed,01914960242,wnewman@example.net,Immunologist,North Gillian
Dr Eileen Wallace,41134960075,lorraine95@example.com,"Surveyor, minerals",Josephmouth
Dylan Atkins,43069990616,sianbell@example.com,Tax inspector,Morganfurt
Carole Cox,01154960889,robertsandrea@example.net,Fitness centre manager,West Nataliebury
Carl Wood-Davies,08081570276,wellsrosie@example.org,"Designer, multimedia",West Maryberg
Mr Charles Ellis,09098790384,mahmoodstuart@example.org,Electronics engineer,Port Howardfort
Carly Rahman,41414960249,annette12@example.org,Financial controller,New Normanberg
Dr Brett Russell,01144960172,ashtonchristian@example.net,Music tutor,Lake Matthewside
Conor Jones,41632960264,freynolds@example.org,"Scientist, forensic",Port Matthew
Oliver Hughes-Marsden,41914960459,lloydgail@example.net,Scientific laboratory technician,Phillipsbury
Howard Curtis,01614960181,peter17@example.com,Graphic designer,Lowefurt
James Williams,01144960581,francismoss@example.net,"Psychologist, clinical",New Callumfort
Brian Moore,01632960892,bendavies@example.org,Nature conservation officer,Lake Jordanmouth
Charlotte Black,01134960409,ross25@example.org,Public affairs consultant,North Gary
Malcolm Holmes,01614960314,lucasgeorgia@example.org,Architectural technologist,East Jemma
Bethan Davies-Walker,01164960261,csanders@example.net,Arboriculturist,Johnsonview
Sean Berry,01134960281,mcdonaldkathleen@example.org,"Designer, ceramics/pottery",Port Valerie
Lawrence Robertson-Ahmed,01174960714,daletracey@example.net,Chief Technology Officer,Kimberleyberg
Wendy Payne-Baker,01184960599,tayloranthony@example.net,Statistician,Timothyton
Bethan Barber,02890180578,angelacook@example.org,"Scientist, product/process development",Slaterport
Carol French,48081570358,annparker@example.net,Theme park manager,Leonardland
Nicole Hudson,41134960432,oconnorsophie@example.com,"Scientist, clinical (histocompatibility and immunogenetics)",Stevensville
Mrs Karen Mitchell,03069990527,georgiagregory@example.net,"Education officer, museum",Annemouth
Shirley Williams,10292018910,hopemartyn@example.com,Community pharmacist,East Joycehaven
Mrs Caroline Simpson,01164960708,ameliaking@example.com,Equality and diversity officer,West Stephaniechester
Jayne Hyde,01174960917,opoole@example.com,"Engineer, manufacturing",Lake Daniel
Ms Teresa Atkinson,01184960630,patelmalcolm@example.com,Company secretary,Grayton
Mrs Margaret Walton,08081570661,diana90@example.com,Social researcher,South Laura
